{"cameraMode":{"drawMode":0,"name":"Shaded","section":"Shading Mode"},"sceneLighting":true,"audioPlay":false,"sceneViewState":{"m_AlwaysRefresh":false,"showFog":true,"showSkybox":true,"showFlares":true,"showImageEffects":true,"showParticleSystems":true,"showVisualEffectGraphs":true,"m_FxEnabled":true},"in2DMode":false,"pivot":{"x":-72.308837890625,"y":136.33538818359376,"z":1183.905517578125},"rotation":{"x":-0.15024085342884065,"y":-0.007805368863046169,"z":0.0012150878319516779,"w":-0.9886801838874817},"size":1674.1041259765625,"orthographic":false}